DMS_id,comment,jo,Year,Have the data?,in_updated_benchmark,in_deepseq_benchmark,multi_AA_mutants,MSA_filename,DMS_phenotype_name,DMS_directionality,DMS_mutant_column,DMS_filename,First_author,Title,UniProt_ID,region_mutated,Checked_mutated_region_and_sequence,Uniprot_offset,Molecule_name,genbank_accession,Source_organism,selection_assay,Selection_Type,Other_selection_molecules,Model,Mutagenesis_Type,num_muts,Protein_category,length_mutated_region,Data_Curator,Data_Curation,Abstract_Curation,MAVEdb_URN,why_postponed,codon_data,short_title,keywords,short_description,Unnamed: 33,target_seq,theta,weight_file_name,seq_len,MSA_start,MSA_end,MSA_len,Bitscore,Theta,num_seqs,perc_cov,num_cov,N_eff,Neff_L,Neff_L_category,num_significant,num_significant_by_cov,EVcouplings_prediction_filename,Spearman_EVmutation,Spearman_independent,Spearman_DeepSeq,Spearman_EVE,DMS_binarization_cutoff_ProteinGym,DMS_binarization_method,Total_mutant_number,singles,doubles,multiples,UniProt_ID,DMS_id
A4_HUMAN_Seuma_2021,Includes both singles and doubles,10.7554/eLife.63364,2021,Yes - Javier,Yes - Javier,,TRUE,A4_HUMAN_full_11-26-2021_b01.a2m,nscore,1,mutant,A4_HUMAN_Seuma_2021.csv,Seuma,The genetic landscape for amyloid beta fibril nucleation accurately discriminates familial Alzheimer's disease mutations,A4_HUMAN,672-713,Yes,,APP,,Homo sapiens,aggregation of Sup35p,,,,,,Human,,,,,-,,,,,,,MLPGLALLLLAAWTARALEVPTDGNAGLLAEPQIAMFCGRLNMHMNVQNGKWDSDPSGTKTCIDTKEGILQYCQEVYPELQITNVVEANQPVTIQNWCKRGRKQCKTHPHFVIPYRCLVGEFVSDALLVPDKCKFLHQERMDVCETHLHWHTVAKETCSEKSTNLHDYGMLLPCGIDKFRGVEFVCCPLAEESDNVDSADAEEDDSDVWWGGADTDYADGSEDKVVEVAEEEEVAEVEEEEADDDEDDEDGDEVEEEAEEPYEEATERTTSIATTTTTTTESVEEVVREVCSEQAETGPCRAMISRWYFDVTEGKCAPFFYGGCGGNRNNFDTEEYCMAVCGSAMSQSLLKTTQEPLARDPVKLPTTAASTPDAVDKYLETPGDENEHAHFQKAKERLEAKHRERMSQVMREWEEAERQAKNLPKADKKAVIQHFQEKVESLEQEAANERQQLVETHMARVEAMLNDRRRLALENYITALQAVPPRPRHVFNMLKKYVRAEQKDRQHTLKHFEHVRMVDPKKAAQIRSQVMTHLRVIYERMNQSLSLLYNVPAVAEEIQDEVDELLQKEQNYSDDVLANMISEPRISYGNDALMPSLTETKTTVELLPVNGEFSLDDLQPWHSFGADSVPANTENEVEPVDARPAADRGLTTRPGSGLTNIKTEEISEVKMDAEFRHDSGYEVHHQKLVFFAEDVGSNKGAIIGLMVGGVVIATVIVITLVMLKKKQYTSIHHGVVEVDAAVTPEERHLSKMQQNGYENPTYKFFEQMQN,0.2,A4_HUMAN_theta_0.2.npy,770,1,770,770,0.1,0.8,3978,0.951,732,82.2,0.112295082,low,0,0,A4_HUMAN_full_11-26-2021_b01_mutant_matrix.csv,0.3865655197,0.3737042075,,,-2.14,hand-picked cutoff,14483,468,14015,0,A4_HUMAN,A4_HUMAN_Seuma_2021
CAPSD_AAV2S_Sinai_2021_substitutions,"This dataset contains many insertions. The plan is to only use the substitutions in the full benchmark, but use insertions in our separate drills.",10.1101/2021.04.16.440236,2021,Yes - Javier,Yes - Javier,,,CAPSD_AAV2S_uniprot_t099_msc70_mcc70_b0.8.a2m,viral_selection,1,mutant,CAPSD_AAV2S_Sinai_2021_substitutions.csv,Sinai,Generative AAV capsid diversification by latent interpolation,CAPSD_AAV2S,560-588,Yes,,AAV,,Adeno-associated virus 2,viability for AAV capsid production,,,,,,Virus,,,,,,,,,,,,MAADGYLPDWLEDTLSEGIRQWWKLKPGPPPPKPAERHKDDSRGLVLPGYKYLGPFNGLDKGEPVNEADAAALEHDKAYDRQLDSGDNPYLKYNHADAEFQERLKEDTSFGGNLGRAVFQAKKRVLEPLGLVEEPVKTAPGKKRPVEHSPVEPDSSSGTGKAGQQPARKRLNFGQTGDADSVPDPQPLGQPPAAPSGLGTNTMATGSGAPMADNNEGADGVGNSSGNWHCDSTWMGDRVITTSTRTWALPTYNNHLYKQISSQSGASNDNHYFGYSTPWGYFDFNRFHCHFSPRDWQRLINNNWGFRPKRLNFKLFNIQVKEVTQNDGTTTIANNLTSTVQVFTDSEYQLPYVLGSAHQGCLPPFPADVFMVPQYGYLTLNNGSQAVGRSSFYCLEYFPSQMLRTGNNFTFSYTFEDVPFHSSYAHSQSLDRLMNPLIDQYLYYLSRTNTPSGTTTQSRLQFSQAGASDIRDQSRNWLPGPCYRQQRVSKTSADNNNSEYSWTGATKYHLNGRDSLVNPGPAMASHKDDEEKFFPQSGVLIFGKQGSEKTNVDIEKVMITDEEEIRTTNPVATEQYGSVSTNLQRGNRQAATADVNTQGVLPGMVWQDRDVYLQGPIWAKIPHTDGHFHPSPLMGGFGLKHPPPQILIKNTPVPANPSTTFSAAKFASFITQYSTGQVSVEIEWELQKENSKRWNPEIQYTSNYNKSVNVDFTVDTNGVYSEPRPIGTRYLTRNL,0.01,CAPSD_AAV2S_theta_0.01.npy,735,1,735,735,0.8,0.99,604,0.782,575,213.8,0.371826087,low,1943,3.379130435,CAPSD_AAV2S_uniprot_t099_msc70_mcc70_b0.8_single_mutant_matrix.csv,0.3375264399,0.4122573007,,,-1.2,hand-picked cutoff,42339,532,10833,30974,CAPSD_AAV2S,CAPSD_AAV2S_Sinai_2021_substitutions
GCN4_YEAST_Staller_2018_induction,"Use induction in principle, because in the paper they claim that the protein has evolved to be activated under induction (starvation). But let's also check activity in complete media",10.1016/j.cels.2018.01.015,2018,Yes - Javier,Yes - Javier,,TRUE,GCN4_YEAST_full_24-02-2022_b03.a2m,Induction,1,mutant,GCN4_YEAST_Staller_2018.csv,Staller,A High-Throughput Mutational Scan of an Intrinsically Disordered Acidic Transcriptional Activation Domain,GCN4_YEAST,101-144,Yes,,Gcn4,,Saccharomyces cerevisiae,Binding,FACS,,Yeast,microarray synthesis,,Eukaryote,,James,IN MAVEDB,"Completed, JAMES",urn:mavedb:00000052,,,,,,,MSEYQPSLFALNPMGFSPLDGSKSTNENVSASTSTAKPMVGQLIFDKFIKTEEDPIIKQDTPSNLDFDFALPQTATAPDAKTVLPIPELDDAVVESFFSSSTDSTPMFEYENLEDNSKEWTSLFDNDIPVTTDDVSLADKAIESTEEVSLVPSNLEVSTTSFLPTPVLEDAKLTQTRKVKKPNSVVKKSHHVGKDDESRLDHLGVVAYNRKQRSIPLSPIVPESSDPAALKRARNTEAARRSRARKLQRMKQLEDKVEELLSKNYHLENEVARLKKLVGER,0.2,GCN4_YEAST_theta_0.2.npy,281,1,281,281,0.3,0.8,350,0.719,202,177.9,0.8806930693,low,1,0.00495049505,GCN4_YEAST_full_24-02-2022_b03_mutant_matrix.csv,0.15731,0.175691,,,1.293757864,median,2724,61,55,2608,GCN4_YEAST,GCN4_YEAST_Staller_2018_induction
HSP82_YEAST_Flynn_2019,,10.7554/eLife.53810,2019,Yes - Javier,Yes - Javier,,,HSP82_YEAST_full_11-26-2021_b01.a2m,avg_s,1,mutant,HSP82_YEAST_Flynn_2019.csv,Flynn,Comprehensive fitness maps of Hsp90 show widespread environmental dependence,HSP82_YEAST,2-709,Yes,1,HSP82,,Saccharomyces cerevisiae,"growth, nitrogen depletion (0.0125% ammonium sulfate), hyperosmotic shock (0.8 M NaCl), alcohol stress (7.5% ethanol), sulfhydryl-oxidation (0.85 mM diamide), temperature shock (37C)",,,,,"147 single, 6234 double",Eukaryote,,,IN MARKS INTAKE SUBFOLDER,"Completed, Amy",-,,,"Growth under standard conditions (synthetic dextrose lacking tryptophan (SD-W), 30°C)","competitve growth, HSP82_YEAST, Hsp90, Saccharomyces cerevisiae strain DBY288, NNN-codon site saturation mutagenesis","Deep mutation scan of Saccharomyces cerevisiae Heat Shock Protein 90 (Hsp90) paralog hsp82, in S. cerevisiae DBY288 (Hsp90 shutoff strain) under standard and various stress conditions. Library generated by NNN-codon site saturation mutagenesis. Bulk competition under six (6) conditions: 1) standard (synthetic dextrose lacking tryptophan (SD-W) medium, 30°C), 2) nitrogen depletion (SD-W with limiting ammonium sulfate (0.0125% ammonium sulfate), 30°C), 3) salt (SD-W, 0.8 M NaCl, 30°C), 4) ethanol (SD-W, 7.5% ethanol, 30°C), 5) diamide (SD-W, 0.85 mM diamide, 30°C), 6) heat (SD-W, 37°C). ",,MASETFEFQAEITQLMSLIINTVYSNKEIFLRELISNASDALDKIRYKSLSDPKQLETEPDLFIRITPKPEQKVLEIRDSGIGMTKAELINNLGTIAKSGTKAFMEALSAGADVSMIGQFGVGFYSLFLVADRVQVISKSNDDEQYIWESNAGGSFTVTLDEVNERIGRGTILRLFLKDDQLEYLEEKRIKEVIKRHSEFVAYPIQLVVTKEVEKEVPIPEEEKKDEEKKDEEKKDEDDKKPKLEEVDEEEEKKPKTKKVKEEVQEIEELNKTKPLWTRNPSDITQEEYNAFYKSISNDWEDPLYVKHFSVEGQLEFRAILFIPKRAPFDLFESKKKKNNIKLYVRRVFITDEAEDLIPEWLSFVKGVVDSEDLPLNLSREMLQQNKIMKVIRKNIVKKLIEAFNEIAEDSEQFEKFYSAFSKNIKLGVHEDTQNRAALAKLLRYNSTKSVDELTSLTDYVTRMPEHQKNIYYITGESLKAVEKSPFLDALKAKNFEVLFLTDPIDEYAFTQLKEFEGKTLVDITKDFELEETDEEKAEREKEIKEYEPLTKALKEILGDQVEKVVVSYKLLDAPAAIRTGQFGWSANMERIMKAQALRDSSMSSYMSSKKTFEISPKSPIIKELKKRVDEGGAQDKTVKDLTKLLYETALLTSGFSLDEPTSFASRINRLISLGLNIDEDEETETAPEASTAAPVEEVPADTEMEEVD,0.2,HSP82_YEAST_theta_0.2.npy,709,1,709,709,0.1,0.8,38923,0.862,611,3684.8,6.030769231,medium,433,0.7086743044,HSP82_YEAST_full_11-26-2021_b01_single_mutant_matrix.csv,0.3803412787,0.3484147382,,,-0.3,hand-picked cutoff,13194,13194,0,0,HSP82_YEAST,HSP82_YEAST_Flynn_2019
I6TAH8_I68A0_Doud_2015,Aichi/1968 (H3N2) strain,10.1093/molbev/msv167,2015,Yes - Javier,Yes - Javier,,,I6TAH8_I68A0_theta0.99_full_11-26-2021_b09.a2m,log_fitness_by_syn_mut_fitness,1,mutant,I6TAH8_I68A0_Doud_2015.csv,Doud,Site-Specific Amino Acid Preferences Are Mostly Conserved in Two Closely Related Protein Homologs,I6TAH8_I68A0,1-498,Yes,"0, 0",Nucleoproteins,,"Influenza A virus (strain A/Puerto Rico/8/1934 H1N1), Influenza A virus (strain A/Aichi/2/1968 H3N2)",,Growth,,Influenza,NNN PCR,6327 (1),Virus,,"Nathan Rollins, Joshua Rollins",DATA FORMATTED,"Completed, NATHAN",-,Heatmap preference values txt,FALSE,"Influenza Puerto Rico 1934 nucleoprotein virus replication, Influenza Aichi 1968 nucleoprotein virus replication ","Virus replication, human MDCK-SIAT1 cells, NNN PCR","Deep mutation scan of Influenza nucleoprotein from the Puerto Rico 1934 and Influenza Aichi 1968 strains, selected for virus replication in MDCK-SIAT1 cells. Libraries were generated by NNN PCR.",,MASQGTKRSYEQMETDGERQNATEIRASVGKMIDGIGRFYIQMCTELKLSDYEGRLIQNSLTIERMVLSAFDERRNKYLEEHPSAGKDPKKTGGPIYKRVDRKWMRELVLYDKEEIRRIWRQANNGDDATAGLTHMMIWHSNLNDTTYQRTRALVRTGMDPRMCSLMQGSTLPRRSGAAGAAVKGVGTMVMELIRMIKRGINDRNFWRGENGRKTRSAYERMCNILKGKFQTAAQRAMMDQVRESRNPGNAEIEDLIFLARSALILRGSVAHKSCLPACVYGPAVASGYDFEKEGYSLVGIDPFKLLQNSQVYSLIRPNENPAHKSQLVWMACNSAAFEDLRVLSFIRGTKVSPRGKLSTRGVQIASNENMDAMESSTLELRSRYWAIRTRSGGNTNQQRASAGQISVQPAFSVQRNLPFDKPTIMAAFTGNTEGRTSDMRAEIIRMMEGAKPEEMSFQGRGVFELSDERAANPIVPSFDMSNEGSYFFGDNAEEYDN,0.01,I6TAH8_I68A0_theta_0.01.npy,498,1,498,498,0.9,0.99,15390,1,498,1493.3,2.998594378,medium,2118,4.253012048,I6TAH8_I68A0_theta0.99_full_11-26-2021_b09_single_mutant_matrix.csv,0.3174175436,0.3473555778,,,-2.329469119,median,9462,9462,0,0,I6TAH8_I68A0,I6TAH8_I68A0_Doud_2015
P53_HUMAN_Giacomelli_2018_NULL_Etoposide,The sequence is very slightly different from Uniprot,10.1038/s41588-018-0204-y,2018,Yes - Javier,Yes - Javier,,,P53_HUMAN_full_04-29-2022_b09.a2m,A549_p53NULL_Etoposide_Z-score,1,Allele,P53_HUMAN_Giacomelli_2018.csv,Giacomelli,Mutational processes shape the landscape of TP53 mutations in human cancer,P53_HUMAN,1-393,Yes,,TP53,,Homo sapiens,"drug resistance (nutlin-3, etoposide)",Growth,,human,microarray synthesis,"17688 (2, ""cis"")",Human,,James,CHECK (Alan/Nathan),"Completed, JAMES",-,,,,,,,MEEPQSDPSVEPPLSQETFSDLWKLLPENNVLSPLPSQAMDDLMLSPDDIEQWFTEDPGPDEAPRMPEAAPRVAPAPAAPTPAAPAPAPSWPLSSSVPSQKTYQGSYGFRLGFLHSGTAKSVTCTYSPALNKMFCQLAKTCPVQLWVDSTPPPGTRVRAMAIYKQSQHMTEVVRRCPHHERCSDSDGLAPPQHLIRVEGNLRVEYLDDRNTFRHSVVVPYEPPEVGSDCTTIHYNYMCNSSCMGGMNRRPILTIITLEDSSGNLLGRNSFEVRVCACPGRDRRTEEENLRKKGEPHHELPPGSTKRALPNNTSSSPQPKKKPLDGEYFTLQIRGRERFEMFRELNEALELKDAQAGKEPGGSRAHSSHLKSKKGQSTSRHKKLMFKTEGPDSD,0.2,P53_HUMAN_theta_0.2.npy,393,1,393,393,0.9,0.8,4129,0.863,339,148,0.4365781711,low,15,0.04424778761,P53_HUMAN_full_11-26-2021_b09_single_mutant_matrix.csv,0.468808118,0.4717362558,,,-0.5,hand-picked cutoff,7467,7467,0,0,P53_HUMAN,P53_HUMAN_Giacomelli_2018_NULL_Etoposide
P53_HUMAN_Giacomelli_2018_NULL_Nutlin,The sequence is very slightly different from Uniprot,10.1038/s41588-018-0204-y,2018,Yes - Javier,Yes - Javier,,,P53_HUMAN_full_04-29-2022_b09.a2m,A549_p53NULL_Nutlin-3_Z-score,-1,Allele,P53_HUMAN_Giacomelli_2018.csv,Giacomelli,Mutational processes shape the landscape of TP53 mutations in human cancer,P53_HUMAN,1-393,Yes,,TP53,,Homo sapiens,"drug resistance (nutlin-3, etoposide)",Growth,,human,microarray synthesis,"17688 (2, ""cis"")",Human,,James,CHECK (Alan/Nathan),"Completed, JAMES",-,,,,,,,MEEPQSDPSVEPPLSQETFSDLWKLLPENNVLSPLPSQAMDDLMLSPDDIEQWFTEDPGPDEAPRMPEAAPRVAPAPAAPTPAAPAPAPSWPLSSSVPSQKTYQGSYGFRLGFLHSGTAKSVTCTYSPALNKMFCQLAKTCPVQLWVDSTPPPGTRVRAMAIYKQSQHMTEVVRRCPHHERCSDSDGLAPPQHLIRVEGNLRVEYLDDRNTFRHSVVVPYEPPEVGSDCTTIHYNYMCNSSCMGGMNRRPILTIITLEDSSGNLLGRNSFEVRVCACPGRDRRTEEENLRKKGEPHHELPPGSTKRALPNNTSSSPQPKKKPLDGEYFTLQIRGRERFEMFRELNEALELKDAQAGKEPGGSRAHSSHLKSKKGQSTSRHKKLMFKTEGPDSD,0.2,P53_HUMAN_theta_0.2.npy,393,1,393,393,0.9,0.8,4129,0.863,339,148,0.4365781711,low,15,0.04424778761,P53_HUMAN_full_11-26-2021_b09_single_mutant_matrix.csv,-0.4151405996,-0.4087965189,,,-0.0273653618,median,7467,7467,0,0,P53_HUMAN,P53_HUMAN_Giacomelli_2018_NULL_Nutlin
P53_HUMAN_Giacomelli_2018_WT_Nutlin,The sequence is very slightly different from Uniprot,10.1038/s41588-018-0204-y,2018,Yes - Javier,Yes - Javier,,,P53_HUMAN_full_04-29-2022_b09.a2m,A549_p53WT_Nutlin-3_Z-score,-1,Allele,P53_HUMAN_Giacomelli_2018.csv,Giacomelli,Mutational processes shape the landscape of TP53 mutations in human cancer,P53_HUMAN,1-393,Yes,,TP53,,Homo sapiens,"drug resistance (nutlin-3, etoposide)",Growth,,human,microarray synthesis,"17688 (2, ""cis"")",Human,,James,CHECK (Alan/Nathan),"Completed, JAMES",-,,,,,,,MEEPQSDPSVEPPLSQETFSDLWKLLPENNVLSPLPSQAMDDLMLSPDDIEQWFTEDPGPDEAPRMPEAAPRVAPAPAAPTPAAPAPAPSWPLSSSVPSQKTYQGSYGFRLGFLHSGTAKSVTCTYSPALNKMFCQLAKTCPVQLWVDSTPPPGTRVRAMAIYKQSQHMTEVVRRCPHHERCSDSDGLAPPQHLIRVEGNLRVEYLDDRNTFRHSVVVPYEPPEVGSDCTTIHYNYMCNSSCMGGMNRRPILTIITLEDSSGNLLGRNSFEVRVCACPGRDRRTEEENLRKKGEPHHELPPGSTKRALPNNTSSSPQPKKKPLDGEYFTLQIRGRERFEMFRELNEALELKDAQAGKEPGGSRAHSSHLKSKKGQSTSRHKKLMFKTEGPDSD,0.2,P53_HUMAN_theta_0.2.npy,393,1,393,393,0.9,0.8,4129,0.863,339,148,0.4365781711,low,15,0.04424778761,P53_HUMAN_full_11-26-2021_b09_single_mutant_matrix.csv,-0.5147103834,-0.5190003219,,,1,hand-picked cutoff,7467,7467,0,0,P53_HUMAN,P53_HUMAN_Giacomelli_2018_WT_Nutlin
POLG_CXB3N_Mattenberger_2021,,10.7554/eLife.64256,2021,Yes - Javier,Yes - Javier,,,POLG_CXB3N_1-861_theta0.99_04-29-2022_b07.a2m,log_fitness_by_syn_mut_fitness,1,mutant,POLG_CXB3N_Mattenberger_2021.csv,Mattenberger,Globally defining the effects of mutations in a picornavirus capsid,POLG_CXB3N,1-851,Yes,0,capsid,,Coxsackievirus B3,,,,,,,Virus,,,to do,"Completed, Amy",-,,,,,,,MGAQVSTQKTGAHETRLNASGNSIIHYTNINYYKDAASNSANRQDFTQDPGKFTEPVKDIMIKSLPALNSPTVEECGYSDRARSITLGNSTITTQECANVVVGYGVWPDYLKDSEATAEDQPTQPDVATCRFYTLDSVQWQKTSPGWWWKLPDALSNLGLFGQNMQYHYLGRTGYTVHVQCNASKFHQGCLLVVCVPEAEMGCATLDNTPSSAELLGGDSAKEFADKPVASGSNKLVQRVVYNAGMGVGVGNLTIFPHQWINLRTNNSATIVMPYTNSVPMDNMFRHNNVTLMVIPFVPLDYCPGSTTYVPITVTIAPMCAEYNGLRLAGHQGLPTMNTPGSCQFLTSDDFQSPSAMPQYDVTPEMRIPGEVKNLMEIAEVDSVVPVQNVGEKVNSMEAYQIPVRSNEGSGTQVFGFPLQPGYSSVFSRTLLGEILNYYTHWSGSIKLTFMFCGSAMATGKFLLAYSPPGAGAPTKRVDAMLGTHVIWDVGLQSSCVLCIPWISQTHYRFVASDEYTAGGFITCWYQTNIVVPADAQSSCYIMCFVSACNDFSVRLLKDTPFISQQNFFQGPVEDAITAAIGRVADTVGTGPTNSEAIPALTAAETGHTSQVVPGDTMQTRHVKNYHSRSESTIENFLCRSACVYFTEYKNSGAKRYAEWVLTPRQAAQLRRKLEFFTYVRFDLELTFVITSTQQPSTTQNQDAQILTHQIMYVPPGGPVPDKVDSYVWQTSTNPSVFWTEGNAPPRMSIPFLSIGNAYSNFYDGWSEFSRNGVYGINTLNNMGTLYARHVNAGSTGPIKSTIRIYFKPKHVKAWIPRPPRLCQYEKAKNVNFQPSGVTTTRQSITTMTNTGAFGQQSGAVYVGNYRVVNRHLATSADWQNCVWESYNRDLLVSTTTAHGCDIIARCQCTTGVYFCASKNKHYPISFEGPGLVEVQESEYYPRRYQSHVLLAAGFSEPGDCGGILRCEHGVIGIVTMGGEGVVGFADIRDLLWLEDDAMEQGVKDYVEQLGNAFGSGFTNQICEQVNLLKESLVGQDSILEKSLKALVKIISALVIVVRNHDDLITVTATLALIGCTSSPWRWLKQKVSQYYGIPMAERQNNSWLKKFTEMTNACKGMEWIAVKIQKFIEWLKVKILPEVREKHEFLNRLKQLPLLESQIATIEQSAPSQSDQEQLFSNVQYFAHYCRKYAPLYAAEAKRVFSLEKKMSNYIQFKSKCRIEPVCLLLHGSPGAGKSVATNLIGRSLAEKLNSSVYSLPPDPDHFDGYKQQAVVIMDDLCQNPDGKDVSLFCQMVSSVDFVPPMAALEEKGILFTSPFVLASTNAGSINAPTVSDSRALARRFHFDMNIEVISMYSQNGKINMPMSVKTCDDECCPVNFKKCCPLVCGKAIQFIDRRTQVRYSLDMLVTEMFREYNHRHSVGTTLEALFQGPPVYREIKISVAPETPPPPAIADLLKSVDSEAVREYCKEKGWLVPEINSTLQIEKHVSRAFICLQALTTFVSVAGIIYIIYKLFAGFQGAYTGVPNQKPRVPTLRQAKVQGPAFEFAVAMMKRNSSTVKTEYGEFTMLGIYDRWAVLPRHAKPGPTILMNDQEVGVLDAKELVDKDGTNLELTLLKLNRNEKFRDIRGFLAKEEVEVNEAVLAINTSKFPNMYIPVGQVTEYGFLNLGGTPTKRMLMYNFPTRAGQCGGVLMSTGKVLGIHVGGNGHQGFSAALLKHYFNDEQGEIEFIESSKDAGFPVINTPSKTKLEPSVFHQVFEGNKEPAVLRSGDPRLKANFEEAIFSKYIGNVNTHVDEYMLEAVDHYAGQLATLDISTEPMKLEDAVYGTEGLEALDLTTSAGYPYVALGIKKRDILSKKTKDLTKLKECMDKYGLNLPMVTYVKDELRSIEKVAKGKSRLIEASSLNDSVAMRQTFGNLYKTFHLNPGVVTGSAVGCDPDLFWSKIPVMLDGHLIAFDYSGYDASLSPVWFACLKMLLEKLGYTHKETNYIDYLCNSHHLYRDKHYFVRGGMPSGCSGTSIFNSMINNIIIRTLMLKVYKGIDLDQFRMIAYGDDVIASYPWPIDASLLAEAGKGYGLIMTPADKGECFNEVTWTNATFLKRYFRADEQYPFLVHPVMPMKDIHESIRWTKDPKNTQDHVRSLCLLAWHNGEHEYEEFIRKIRSVPVGRCLTLPAFSTLRRKWLDSF,0.01,POLG_CXB3N_theta_0.01.npy,2185,1,861,861,0.7,0.99,7458,0.963,829,1506.1,1.816767189,medium,103,0.1242460796,POLG_CXB3N_theta0.99_1-861_11-26-2021_b07_single_mutant_matrix.csv,0.3973311651,0.4149033799,,,-2.76355725,median,15711,15711,0,0,POLG_CXB3N,POLG_CXB3N_Mattenberger_2021
PTEN_HUMAN_Matreyek_2021,Includes all data from Matreyek 2018 and some additional mutants,10.1186/s13073-021-00984-x,2021,Yes - Javier,Yes - Javier,,,PTEN_HUMAN_full_11-26-2021_b01.a2m,score_total,1,variant,PTEN_HUMAN_Matreyek_2021.csv,Matreyek,Integrating thousands of PTEN variant activity and abundance measurements reveals variant subgroups and new dominant negatives in cancers,PTEN_HUMAN,1-403,Yes,,PTEN,,Homo sapiens,Protein abundance (FACS sorting for abundance of GFP-fused target),Protein stability,,human,inverse PCR,6895 (1),Human,,,,,,,,,,,,MTAIIKEIVSRNKRRYQEDGFDLDLTYIYPNIIAMGFPAERLEGVYRNNIDDVVRFLDSKHKNHYKIYNLCAERHYDTAKFNCRVAQYPFEDHNPPQLELIKPFCEDLDQWLSEDDNHVAAIHCKAGKGRTGVMICAYLLHRGKFLKAQEALDFYGEVRTRDKKGVTIPSQRRYVYYYSYLLKNHLDYRPVALLFHKMMFETIPMFSGGTCNPQFVVCQLKVKIYSSNSGPTRREDKFMYFEFPQPLPVCGDIKVEFFHKQNKMLKKDKMFHFWVNTFFIPGPEETSEKVENGSLCDQEIDSICSIERADNDKEYLVLTLTKNDLDKANKDKANRYFSPNFKVKLYFTKTVEEPSNPEASSSTSVTPDVSDNEPDHYRYSDTTDSDPENEPFDEDQHTQITKV,0.2,PTEN_HUMAN_theta_0.2.npy,403,1,403,403,0.1,0.8,19058,0.752,303,1425.3,4.703960396,medium,52,0.1716171617,PTEN_HUMAN_full_11-26-2021_b01_single_mutant_matrix.csv,0.4660991755,0.4834897643,,,0.7708605475,median,5083,5083,0,0,PTEN_HUMAN,PTEN_HUMAN_Matreyek_2021
PTEN_HUMAN_Mighell_2018,,10.1016/j.ajhg.2018.03.018,2018,Yes - Javier,Yes - Javier,,,PTEN_HUMAN_full_11-26-2021_b01.a2m,Fitness_score,1,mutant,PTEN_HUMAN_Mighell_2018.csv,Mighell,A Saturation Mutagenesis Approach to Understanding PTEN Lipid Phosphatase Activity and Genotype-Phenotype Relationships,PTEN_HUMAN,1-403,,,PTEN,,Homo sapiens,"growth (surrogate for enzymatic activity/hydrolysis of lipid phosphates to restore PIP2, which affects proliferation rate)",lipid phosphatase activity,,Yeast,MITE,5708 (1+),Human,,Iris,IN MAVEDB,,urn:mavedb:00000054,,,,,,,MTAIIKEIVSRNKRRYQEDGFDLDLTYIYPNIIAMGFPAERLEGVYRNNIDDVVRFLDSKHKNHYKIYNLCAERHYDTAKFNCRVAQYPFEDHNPPQLELIKPFCEDLDQWLSEDDNHVAAIHCKAGKGRTGVMICAYLLHRGKFLKAQEALDFYGEVRTRDKKGVTIPSQRRYVYYYSYLLKNHLDYRPVALLFHKMMFETIPMFSGGTCNPQFVVCQLKVKIYSSNSGPTRREDKFMYFEFPQPLPVCGDIKVEFFHKQNKMLKKDKMFHFWVNTFFIPGPEETSEKVENGSLCDQEIDSICSIERADNDKEYLVLTLTKNDLDKANKDKANRYFSPNFKVKLYFTKTVEEPSNPEASSSTSVTPDVSDNEPDHYRYSDTTDSDPENEPFDEDQHTQITKV,0.2,PTEN_HUMAN_theta_0.2.npy,403,1,403,403,0.1,0.8,19058,0.752,303,1425.3,4.703960396,medium,52,0.1716171617,PTEN_HUMAN_full_11-26-2021_b01_single_mutant_matrix.csv,0.5824055136,0.5381434131,,,-1.5,hand-picked cutoff,7260,7260,0,0,PTEN_HUMAN,PTEN_HUMAN_Mighell_2018
REV_HV1H2_Fernandes_2016,,10.1016/j.cell.2016.11.031,2016,Yes - Javier,Yes - Javier,,,REV_HV1H2_full_theta0.99_04-29-2022_b09.a2m,sel_coeff_mean,1,mutant,REV_HV1H2_Fernandes_2016.csv,Fernandes,Functional Segregation of Overlapping Genes in HIV,REV_HV1H2,1-116,Yes,,rev,,Human immunodeficiency virus type 1 group M subtype B (isolate BRU/LAI) (HIV-1),Viral replication,Growth,,HIV,NNN PCR,5463 (1),Virus,,Amy,DATA FORMATTED,Nathan,-,,,,,"NOTE: DNA-level sequence excludes introns AND does NOT match any standard wild-type sequence. However, protein-level sequence matches perfectly the GenBank & UniProt codes noted in the Jupyter Notebook",,MAGRSGDSDEELIRTVRLIKLLYQSNPPPNPEGTRQARRNRRRRWRERQRQIHSISERILSTYLGRSAEPVPLQLPPLERLTLDCNEDCGTSGTQGVGSPQILVESPTVLESGTKE,0.01,REV_HV1H2_theta_0.01.npy,116,1,116,116,0.9,0.99,15675,0.948,110,9808.9,89.17181818,medium,53,0.4818181818,REV_HV1H2_theta0.99_full_11-26-2021_b09_single_mutant_matrix.csv,0.1703993374,0.226175878,,,-0.06744744968,median,2147,2147,0,0,REV_HV1H2,REV_HV1H2_Fernandes_2016
SC6A4_HUMAN_Young_2021,,10.1101/2021.04.19.440442,2021,Yes - Javier,Yes - Javier,,,SC6A4_HUMAN_full_11-26-2021_b02.a2m,avg_MYC,1,mutant,SC6A4_HUMAN_Young_2021.csv,Young,Deep Mutagenesis of a Transporter for Uptake of a Non-Native Substrate Identifies Conformationally Dynamic Regions,SC6A4_HUMAN,2-630,Yes,,Sodium-dependent serotonin transporter,,Homo sapiens,Fluorescence,Fluorescence,,Expi293F human cells,NNN PCR,,Human,,,Javier,,,,,,,,,METTPLNSQKQLSACEDGEDCQENGVLQKVVPTPGDKVESGQISNGYSAVPSPGAGDDTRHSIPATTTTLVAELHQGERETWGKKVDFLLSVIGYAVDLGNVWRFPYICYQNGGGAFLLPYTIMAIFGGIPLFYMELALGQYHRNGCISIWRKICPIFKGIGYAICIIAFYIASYYNTIMAWALYYLISSFTDQLPWTSCKNSWNTGNCTNYFSEDNITWTLHSTSPAEEFYTRHVLQIHRSKGLQDLGGISWQLALCIMLIFTVIYFSIWKGVKTSGKVVWVTATFPYIILSVLLVRGATLPGAWRGVLFYLKPNWQKLLETGVWIDAAAQIFFSLGPGFGVLLAFASYNKFNNNCYQDALVTSVVNCMTSFVSGFVIFTVLGYMAEMRNEDVSEVAKDAGPSLLFITYAEAIANMPASTFFAIIFFLMLITLGLDSTFAGLEGVITAVLDEFPHVWAKRRERFVLAVVITCFFGSLVTLTFGGAYVVKLLEEYATGPAVLTVALIEAVAVSWFYGITQFCRDVKEMLGFSPGWFWRICWVAISPLFLLFIICSFLMSPPQLRLFQYNYPYWSIILGYCIGTSSFICIPTYIAYRLIITPGTFKERIIKSITPETPTEIPCGDIRLNAV,0.2,SC6A4_HUMAN_theta_0.2.npy,630,1,630,630,0.2,0.8,40971,0.805,507,5278.9,10.41203156,medium,278,0.5483234714,SC6A4_HUMAN_full_11-26-2021_b02_single_mutant_matrix.csv,0.4849730328,0.4600468653,,,-0.1560688323,median,11576,11576,0,0,SC6A4_HUMAN,SC6A4_HUMAN_Young_2021
SYUA_HUMAN_Newberry_2020,"Javier: They did not provide WT-sequence information, so I took as WT-sequence the sequence provided in this spreadsheet in the ""seq"" column. The mutatns in the ""mutant"" column of the dataset have been produced with such WT-sequence",10.1021/acschembio.0c00339,2020,Yes - Javier,Yes - Javier,,,SYUA_HUMAN_full_04-29-2022_b01.a2m,Fitness Score,-1,mutant,SYUA_HUMAN_Newberry_2020.csv,Newberry,Robust Sequence Determinants of α-Synuclein Toxicity in Yeast Implicate Membrane Binding,SYUA_HUMAN,1-140,No,0,alpha-synuclein,,Homo sapiens,,Compound resistance,,Yeast,Provided,,Human,,,IN MAVEDB,,urn:mavedb:00000045,,,,,"author template sequence is mutated relative to nearest reference sequence SNCA_HUMAN (F4Y, Y39F, F94Y, Y125F, Y133F, Y136F)",,MDVYMKGLSKAKEGVVAAAEKTKQGVAEAAGKTKEGVLFVGSKTKEGVVHGVATVAEKTKEQVTNVGGAVVTGVTAVAQKTVEGAGSIAAATGYVKKDQLGKNEEGAPQEGILEDMPVDPDNEAFEMPSEEGFQDFEPEA,0.2,SYUA_HUMAN_theta_0.2.npy,140,1,140,140,0.1,0.8,14666,0.707,99,5964.3,60.24545455,medium,72,0.7272727273,SYUA_HUMAN_full_11-26-2021_b01_single_mutant_matrix.csv,-0.1385727693,-0.15065099,,,0.1,hand-picked cutoff,2497,2497,0,0,SYUA_HUMAN,SYUA_HUMAN_Newberry_2020
TADBP_HUMAN_Bolognesi_2019,It tests aggregation and has bad spearmans. Javier: there is also a dataset with double-amino acid mutations. But that data has imputation. Some values are identical there.,10.1038/s41467-019-12101-z,2019,Yes - Javier,Yes - Javier,,,TADBP_HUMAN_full_11-26-2021_b09.a2m,toxicity,1,mutant_uniprot_1,TADBP_HUMAN_Bolognesi_2019.csv,Bolognesi,The mutational landscape of a prion-like domain,TADBP_HUMAN,290-373,Yes,289,TARDBP,,Homo sapiens,growth (surrogate for toxicity),Growth,,,,7893 (1),Human,,Nathan Rollins,CHECK (Alan/Nathan),"Completed, Nathan",-,-,,TDP-43 PRD yeast toxicity,"protein toxicity, Growth (Liquid),  yeast","Deep mutational scan selecting for toxicity of variants to the PRD domain of human TDP-43, measured by growth in yeast.",,MSEYIRVTEDENDEPIEIPSEDDGTVLLSTVTAQFPGACGLRYRNPVSQCMRGVRLVEGILHAPDAGWGNLVYVVNYPKDNKRKMDETDASSAVKVKRAVQKTSDLIVLGLPWKTTEQDLKEYFSTFGEVLMVQVKKDLKTGHSKGFGFVRFTEYETQVKVMSQRHMIDGRWCDCKLPNSKQSQDEPLRSRKVFVGRCTEDMTEDELREFFSQYGDVMDVFIPKPFRAFAFVTFADDQIAQSLCGEDLIIKGISVHISNAEPKHNSNRQLERSGRFGGNPGGFGNQGGFGNSRGGGAGLGNNQGSNMGGGMNFGAFSINPAMMAAAQAALQSSWGMMGMLASQQNQSGPSGNNQNQGNMQREPNQAFGSGNNSYSGSNSGAAIGWGSASNAGSGSGFNGGFGSSMDSKSSGWGM,0.2,TADBP_HUMAN_theta_0.2.npy,414,1,414,414,0.9,0.8,1211,0.911,377,147.3,0.3907161804,low,8,0.02122015915,TADBP_HUMAN_full_11-26-2021_b09_single_mutant_matrix.csv,0.06190635046,0.1055353247,,,0.003661517102,median,1196,1196,0,0,TADBP_HUMAN,TADBP_HUMAN_Bolognesi_2019
YAP1_HUMAN_Araya_2012,Both singles and doubles,10.1073/pnas.1209751109,2012,Yes - Javier,Yes - Javier,Yes,TRUE,YAP1_HUMAN_full_11-26-2021_b02.a2m,W,1,mutant,YAP1_HUMAN_Araya_2012.csv,Araya,"A fundamental protein property, thermodynamic stability, revealed solely from large-scale measurements of protein function",YAP1_HUMAN,170-203,Yes,,YAP1,,Homo sapiens,peptide binding,Binding,,Phage,doped oligo synthesis,,Human,,,,,,,,,,,,MDPGQQPPPQPAPQGQGQPPSQPPQGQGPPSGPGQPAPAATQAAPQAPPAGHQIVHVRGDSETDLEALFNAVMNPKTANVPQTVPMRLRKLPDSFFKPPEPKSHSRQASTDAGTAGALTPQHVRAHSSPASLQLGAVSPGTLTPTGVVSGPAATPTAQHLRQSSFEIPDDVPLPAGWEMAKTSSGQRYFLNHIDQTTTWQDPRKAMLSQMNVTAPTSPPVQQNMMNSASGPLPDGWEQAMTQDGEIYYINHKNKTTSWLDPRLDPRFAMNQRISQSAPVKQPPPLAPQSPQGGVMGGSNSNQQQQMRLQQLQMEKERLRLKQQELLRQAMRNINPSTANSPKCQELALRSQLPTLEQDGGTQNPVSSPGMSQELRTMTTNSSDPFLNSGTYHSRDESTDSGLSMSSYSVPRTPDDFLNSVDEMDTGDTINQSTLPSQQNRFPDYLEAIPGTNVDLGTLEGDGMNIEGEELMPSLQEALSSDILNDMESVLAATKLDKESFLTWL,0.2,YAP1_HUMAN_theta_0.2.npy,504,1,504,504,0.2,0.8,1604,0.859,433,132.6,0.3062355658,low,1,0.002309468822,YAP1_HUMAN_full_11-26-2021_b02_mutant_matrix.csv,0.5646193195,0.6158210458,0.645633914,0.64,0.6236402571,median,10075,362,9713,0,YAP1_HUMAN,YAP1_HUMAN_Araya_2012